-- Seed programme content from mockData.ts (generated — do not hand-edit)

TRUNCATE public.onboarding_phase_role_copy, public.onboarding_tasks, public.onboarding_sections, public.onboarding_phases, public.onboarding_resources, public.onboarding_contacts, public.onboarding_feedback_schedule CASCADE;

INSERT INTO public.onboarding_phases (id, number, title, subtitle, day_range, description, milestones, sort_order) VALUES ('phase-0', 0, 'Preboarding', 'Before Day 1', 'Offer accepted → Day 0', 'Structured preboarding so you arrive informed, uniformed, and ready — not confused.', '[]'::jsonb, 0);
INSERT INTO public.onboarding_phase_role_copy (phase_id, role, description, milestones) VALUES ('phase-0', 'cook', 'Before Day 1, your outlet team prepares your kitchen station and training materials.', '[]'::jsonb);
INSERT INTO public.onboarding_phase_role_copy (phase_id, role, description, milestones) VALUES ('phase-0', 'cashier', 'Before Day 1, your outlet team prepares your POS access and front-of-house onboarding.', '[]'::jsonb);
INSERT INTO public.onboarding_phase_role_copy (phase_id, role, description, milestones) VALUES ('phase-0', 'supervisor', 'Before Day 1, your outlet team prepares your leadership onboarding path.', '[]'::jsonb);
INSERT INTO public.onboarding_sections (id, phase_id, title, subtitle, sort_order) VALUES ('preboarding-checklist', 'phase-0', 'Preboarding Checklist', '', 0);
INSERT INTO public.onboarding_tasks (id, section_id, title, why_it_matters, how_to, owner, roles, audience, title_hire, why_it_matters_hire, how_to_hire, sort_order) VALUES ('p0-t1', 'preboarding-checklist', 'Send offer letter and contract for signing', 'Formalises employment and creates legal clarity before Day 1.', NULL, 'EXCO', '{"all"}', 'internal', NULL, NULL, NULL, 0);
INSERT INTO public.onboarding_tasks (id, section_id, title, why_it_matters, how_to, owner, roles, audience, title_hire, why_it_matters_hire, how_to_hire, sort_order) VALUES ('p0-t2', 'preboarding-checklist', 'Collect required documents (IC, bank account, EPF number, tax number)', 'Enables payroll setup. Malaysia Employment Act requirement.', NULL, 'GM', '{"all"}', 'internal', NULL, NULL, NULL, 1);
INSERT INTO public.onboarding_tasks (id, section_id, title, why_it_matters, how_to, owner, roles, audience, title_hire, why_it_matters_hire, how_to_hire, sort_order) VALUES ('p0-t3', 'preboarding-checklist', 'Set up payroll and banking details in system', 'New hire must receive first pay on time. Late first pay damages trust immediately.', NULL, 'GM', '{"all"}', 'internal', NULL, NULL, NULL, 2);
INSERT INTO public.onboarding_tasks (id, section_id, title, why_it_matters, how_to, owner, roles, audience, title_hire, why_it_matters_hire, how_to_hire, sort_order) VALUES ('p0-t4', 'preboarding-checklist', 'WhatsApp ''Welcome to Quackteow'' message from EXCO', 'Sets the cultural tone. Shows you are expected and valued — not just processed.', NULL, 'EXCO', '{"all"}', 'internal', NULL, NULL, NULL, 3);
INSERT INTO public.onboarding_tasks (id, section_id, title, why_it_matters, how_to, owner, roles, audience, title_hire, why_it_matters_hire, how_to_hire, sort_order) VALUES ('p0-t5', 'preboarding-checklist', 'Share outlet address, parking info, dress code, and report-in time', 'Eliminates Day 1 anxiety about logistics.', NULL, 'GM', '{"all"}', 'internal', NULL, NULL, NULL, 4);
INSERT INTO public.onboarding_tasks (id, section_id, title, why_it_matters, how_to, owner, roles, audience, title_hire, why_it_matters_hire, how_to_hire, sort_order) VALUES ('p0-t6', 'preboarding-checklist', 'Prepare uniform in correct size', 'Uniform is part of brand identity (SOP §3.3). Arriving without one on Day 1 is a poor start.', NULL, 'SUP', '{"all"}', 'internal', NULL, NULL, NULL, 5);
INSERT INTO public.onboarding_tasks (id, section_id, title, why_it_matters, how_to, owner, roles, audience, title_hire, why_it_matters_hire, how_to_hire, sort_order) VALUES ('p0-t7', 'preboarding-checklist', 'Assign a ''Buddy'' from existing staff at the outlet', 'A peer buddy reduces social isolation in the first week.', NULL, 'SUP', '{"all"}', 'internal', NULL, NULL, NULL, 6);
INSERT INTO public.onboarding_tasks (id, section_id, title, why_it_matters, how_to, owner, roles, audience, title_hire, why_it_matters_hire, how_to_hire, sort_order) VALUES ('p0-t8', 'preboarding-checklist', 'Brief the buddy on their role and expectations', 'Unbriefed buddies may default to informal culture that contradicts SOP standards.', NULL, 'SUP', '{"all"}', 'internal', NULL, NULL, NULL, 7);
INSERT INTO public.onboarding_tasks (id, section_id, title, why_it_matters, how_to, owner, roles, audience, title_hire, why_it_matters_hire, how_to_hire, sort_order) VALUES ('p0-t9', 'preboarding-checklist', 'Create POS user account and assign access level', 'System access on Day 1 — not Day 3. Waiting wastes training time.', NULL, 'GM', '{"all"}', 'internal', NULL, NULL, NULL, 8);
INSERT INTO public.onboarding_tasks (id, section_id, title, why_it_matters, how_to, owner, roles, audience, title_hire, why_it_matters_hire, how_to_hire, sort_order) VALUES ('p0-t10', 'preboarding-checklist', 'Prepare new hire''s workstation / cooking station', 'Physical readiness signals: ''We were expecting you''.', NULL, 'SUP', '{"all"}', 'internal', NULL, NULL, NULL, 9);
INSERT INTO public.onboarding_tasks (id, section_id, title, why_it_matters, how_to, owner, roles, audience, title_hire, why_it_matters_hire, how_to_hire, sort_order) VALUES ('p0-t11', 'preboarding-checklist', 'Print and laminate Appendix A (Cooking Sequence) and Appendix B (Portion Card)', 'Reference materials should be physical and at-station from Day 1.', NULL, 'SUP', '{"cook"}', 'internal', NULL, NULL, NULL, 10);
INSERT INTO public.onboarding_tasks (id, section_id, title, why_it_matters, how_to, owner, roles, audience, title_hire, why_it_matters_hire, how_to_hire, sort_order) VALUES ('p0-t12', 'preboarding-checklist', 'Print Training Sign-Off Form (Appendix E of SOP) — ready for Week 1', 'Having the form ready prevents supervisors from improvising assessments.', NULL, 'GM', '{"all"}', 'internal', NULL, NULL, NULL, 11);

INSERT INTO public.onboarding_phases (id, number, title, subtitle, day_range, description, milestones, sort_order) VALUES ('phase-1', 1, 'Orientation', 'Week 1 (Days 1–7)', 'Days 1–7', 'Week 1 is about foundation — not productivity. Build standards before speed.', '["Portion accuracy: 10/10 ingredients from §3.1","SS Bowl rule: zero egg cracked directly into wok","SOP awareness: 3 escalation scenarios explained","Checklist independence: opening or closing without prompting"]'::jsonb, 1);
INSERT INTO public.onboarding_phase_role_copy (phase_id, role, description, milestones) VALUES ('phase-1', 'cook', 'Your first week in the kitchen: learn portions, food safety, and cooking standards before speed.', '["Portion accuracy: 10/10 ingredients from §3.1","SS Bowl rule: zero egg cracked directly into wok","Plate your first orders under supervision","Complete opening or closing checklist without prompting"]'::jsonb);
INSERT INTO public.onboarding_phase_role_copy (phase_id, role, description, milestones) VALUES ('phase-1', 'cashier', 'Your first week on the floor: learn POS, order accuracy, and customer service before speed.', '["Read back every POS order accurately","Process 10+ transactions under supervision","Practice complaint response script (SOP §12.1)","Complete opening or closing checklist without prompting"]'::jsonb);
INSERT INTO public.onboarding_phase_role_copy (phase_id, role, description, milestones) VALUES ('phase-1', 'supervisor', 'Your first week on the supervisor track: learn outlet standards, escalation, and team routines.', '["SOP awareness: 3 escalation scenarios explained","Observe full opening and closing routines","Practice complaint response via role-play","Complete HACCP temperature log independently"]'::jsonb);
INSERT INTO public.onboarding_sections (id, phase_id, title, subtitle, sort_order) VALUES ('day-1', 'phase-1', 'Day 1 — First Impressions', 'All roles', 0);
INSERT INTO public.onboarding_tasks (id, section_id, title, why_it_matters, how_to, owner, roles, audience, title_hire, why_it_matters_hire, how_to_hire, sort_order) VALUES ('p1-d1-t1', 'day-1', 'Warm welcome by Supervisor at outlet entrance', NULL, 'SUP greets by name, introduces to the team, walks the full outlet before the station.', 'SUP', '{"all"}', 'hire', 'Meet your supervisor and team at the outlet entrance', NULL, 'Your supervisor will greet you by name, introduce you to the team, and walk the full outlet before your station.', 0);
INSERT INTO public.onboarding_tasks (id, section_id, title, why_it_matters, how_to, owner, roles, audience, title_hire, why_it_matters_hire, how_to_hire, sort_order) VALUES ('p1-d1-t2', 'day-1', 'Tour: kitchen, storage, chiller, POS, customer area, toilets', NULL, 'Point out SS bowl location, Quack Sos storage, and temperature log.', 'SUP', '{"all"}', 'hire', 'Complete your outlet tour with your supervisor', NULL, 'Note the SS bowl location, Quack Sos storage, and temperature log during your walkthrough.', 1);
INSERT INTO public.onboarding_tasks (id, section_id, title, why_it_matters, how_to, owner, roles, audience, title_hire, why_it_matters_hire, how_to_hire, sort_order) VALUES ('p1-d1-t3', 'day-1', 'Brand values conversation (not a lecture)', NULL, 'Discuss Quackteow''s origin, Quackmaster system, and the ''no eye-balling'' culture.', 'SUP', '{"all"}', 'hire', 'Learn Quackteow brand values with your supervisor', NULL, 'Ask questions about Quackteow''s origin, the Quackmaster system, and the ''no eye-balling'' culture.', 2);
INSERT INTO public.onboarding_tasks (id, section_id, title, why_it_matters, how_to, owner, roles, audience, title_hire, why_it_matters_hire, how_to_hire, sort_order) VALUES ('p1-d1-t4', 'day-1', 'Issue uniform, confirm fit, explain wear standards (SOP §3.3)', NULL, NULL, 'SUP', '{"all"}', 'hire', 'Receive your uniform and confirm fit (SOP §3.3)', NULL, NULL, 3);
INSERT INTO public.onboarding_tasks (id, section_id, title, why_it_matters, how_to, owner, roles, audience, title_hire, why_it_matters_hire, how_to_hire, sort_order) VALUES ('p1-d1-t5', 'day-1', 'SOP orientation: walk through Sections 3 and 4 together', NULL, 'Read §3.1 (portions) and §4 (food safety) aloud. Ask comprehension questions.', 'SUP', '{"all"}', 'hire', 'Complete SOP orientation on portions and food safety (§3 & §4)', NULL, 'Review §3.1 (portions) and §4 (food safety). Ask your supervisor if anything is unclear.', 4);
INSERT INTO public.onboarding_tasks (id, section_id, title, why_it_matters, how_to, owner, roles, audience, title_hire, why_it_matters_hire, how_to_hire, sort_order) VALUES ('p1-d1-t6', 'day-1', 'Introduce the Buddy — first meal together (outlet provides)', NULL, NULL, 'SUP', '{"all"}', 'hire', 'Meet your buddy over your first team meal', NULL, NULL, 5);
INSERT INTO public.onboarding_tasks (id, section_id, title, why_it_matters, how_to, owner, roles, audience, title_hire, why_it_matters_hire, how_to_hire, sort_order) VALUES ('p1-d1-t7', 'day-1', 'End-of-Day 1 check-in: ''How are you feeling? What was confusing?''', 'Early warning signals for onboarding gaps.', NULL, 'SUP', '{"all"}', 'hire', 'Complete your Day 1 check-in with your supervisor', 'Share anything confusing so your team can support you in Week 1.', NULL, 6);
INSERT INTO public.onboarding_sections (id, phase_id, title, subtitle, sort_order) VALUES ('days-2-3', 'phase-1', 'Days 2–3 — Observation Phase', 'Shadow only — no food, POS, or cash', 1);
INSERT INTO public.onboarding_tasks (id, section_id, title, why_it_matters, how_to, owner, roles, audience, title_hire, why_it_matters_hire, how_to_hire, sort_order) VALUES ('p1-d23-t1', 'days-2-3', 'Shadow experienced cook for full service (Kitchen)', NULL, 'Stand beside cook for entire shift. Count portions aloud for each order.', 'SUP', '{"cook"}', 'hire', 'Shadow an experienced cook for a full service shift', NULL, 'Stand beside the cook for the full shift. Count portions aloud for each order.', 0);
INSERT INTO public.onboarding_tasks (id, section_id, title, why_it_matters, how_to, owner, roles, audience, title_hire, why_it_matters_hire, how_to_hire, sort_order) VALUES ('p1-d23-t2', 'days-2-3', 'Shadow cashier for full service (FOH)', NULL, 'Read back each POS entry. Observe complaint response (SOP §12.1).', 'SUP', '{"cashier"}', 'hire', 'Shadow an experienced cashier for a full service shift', NULL, 'Read back each POS entry. Watch how complaints are handled (SOP §12.1).', 1);
INSERT INTO public.onboarding_tasks (id, section_id, title, why_it_matters, how_to, owner, roles, audience, title_hire, why_it_matters_hire, how_to_hire, sort_order) VALUES ('p1-d23-t3', 'days-2-3', 'Observe the full opening checklist being completed', NULL, 'Supervisor explains WHY each item matters, not just ticking it.', 'SUP', '{"all"}', 'hire', 'Observe the full opening checklist with your supervisor', NULL, 'Ask why each opening item matters — not just what to tick.', 2);
INSERT INTO public.onboarding_tasks (id, section_id, title, why_it_matters, how_to, owner, roles, audience, title_hire, why_it_matters_hire, how_to_hire, sort_order) VALUES ('p1-d23-t4', 'days-2-3', 'Observe closing checklist and cash reconciliation', NULL, 'Watch end-of-day reconciliation (SOP §11.3). Discuss variance scenarios.', 'SUP', '{"cashier","supervisor"}', 'hire', 'Observe closing checklist and cash reconciliation', NULL, 'Watch end-of-day reconciliation (SOP §11.3) and discuss variance scenarios.', 3);
INSERT INTO public.onboarding_tasks (id, section_id, title, why_it_matters, how_to, owner, roles, audience, title_hire, why_it_matters_hire, how_to_hire, sort_order) VALUES ('p1-d23-t5', 'days-2-3', 'Observe temperature log completion (SOP §4.2)', NULL, 'Learn probe thermometer use, breach identification, and response.', 'SUP', '{"all"}', 'hire', 'Learn how to complete the temperature log (SOP §4.2)', NULL, 'Practice probe thermometer use, breach identification, and response steps.', 4);
INSERT INTO public.onboarding_tasks (id, section_id, title, why_it_matters, how_to, owner, roles, audience, title_hire, why_it_matters_hire, how_to_hire, sort_order) VALUES ('p1-d23-t6', 'days-2-3', 'End-of-Day 2 & 3 debrief: ''What surprised you?''', NULL, NULL, 'SUP', '{"all"}', 'hire', 'Complete your Day 2 & 3 debrief with your supervisor', NULL, NULL, 5);
INSERT INTO public.onboarding_sections (id, phase_id, title, subtitle, sort_order) VALUES ('days-4-7', 'phase-1', 'Days 4–7 — Assisted Practice', 'Tasks under direct supervision', 2);
INSERT INTO public.onboarding_tasks (id, section_id, title, why_it_matters, how_to, owner, roles, audience, title_hire, why_it_matters_hire, how_to_hire, sort_order) VALUES ('p1-d47-t1', 'days-4-7', 'Cook first plate under direct supervision (Kitchen)', NULL, 'Stop if egg is not pre-cracked into SS bowl. Restart if needed.', 'SUP', '{"cook"}', 'hire', 'Cook your first plate under direct supervision', NULL, 'Stop if your egg is not pre-cracked into the SS bowl. Restart if needed.', 0);
INSERT INTO public.onboarding_tasks (id, section_id, title, why_it_matters, how_to, owner, roles, audience, title_hire, why_it_matters_hire, how_to_hire, sort_order) VALUES ('p1-d47-t2', 'days-4-7', 'Process first 10 POS transactions under supervision (FOH)', NULL, NULL, 'SUP', '{"cashier"}', 'hire', 'Process your first 10 POS transactions under supervision', NULL, NULL, 1);
INSERT INTO public.onboarding_tasks (id, section_id, title, why_it_matters, how_to, owner, roles, audience, title_hire, why_it_matters_hire, how_to_hire, sort_order) VALUES ('p1-d47-t3', 'days-4-7', 'Complete opening checklist independently (supervisor observing silently)', NULL, NULL, 'SUP', '{"all"}', 'hire', 'Complete the opening checklist independently', NULL, NULL, 2);
INSERT INTO public.onboarding_tasks (id, section_id, title, why_it_matters, how_to, owner, roles, audience, title_hire, why_it_matters_hire, how_to_hire, sort_order) VALUES ('p1-d47-t4', 'days-4-7', 'Practice speed targets: cook to 90-second target (Kitchen)', NULL, 'Time each plate. Aim for 3 consecutive plates within target before Week 1 ends.', 'SUP', '{"cook"}', 'hire', 'Practice your 90-second plate speed target', NULL, 'Time each plate. Aim for 3 consecutive plates within target before Week 1 ends.', 3);
INSERT INTO public.onboarding_tasks (id, section_id, title, why_it_matters, how_to, owner, roles, audience, title_hire, why_it_matters_hire, how_to_hire, sort_order) VALUES ('p1-d47-t5', 'days-4-7', 'Practice complaint response script (SOP §12.1) via role-play', NULL, NULL, 'SUP', '{"cashier","supervisor"}', 'hire', 'Practice the customer complaint script (SOP §12.1)', NULL, NULL, 4);
INSERT INTO public.onboarding_tasks (id, section_id, title, why_it_matters, how_to, owner, roles, audience, title_hire, why_it_matters_hire, how_to_hire, sort_order) VALUES ('p1-d47-t6', 'days-4-7', 'Complete end-of-day cash reconciliation under supervision (FOH)', NULL, NULL, 'SUP', '{"cashier"}', 'hire', 'Complete end-of-day cash reconciliation under supervision', NULL, NULL, 5);
INSERT INTO public.onboarding_tasks (id, section_id, title, why_it_matters, how_to, owner, roles, audience, title_hire, why_it_matters_hire, how_to_hire, sort_order) VALUES ('p1-d47-t7', 'days-4-7', 'Complete HACCP temperature log entry independently', NULL, NULL, 'SUP', '{"all"}', 'hire', 'Complete your HACCP temperature log entry independently', NULL, NULL, 6);
INSERT INTO public.onboarding_tasks (id, section_id, title, why_it_matters, how_to, owner, roles, audience, title_hire, why_it_matters_hire, how_to_hire, sort_order) VALUES ('p1-d47-t8', 'days-4-7', 'End-of-Week 1: Competency check against Appendix E (Training Sign-Off)', NULL, 'Pass = proceed. Fail = extend practice. GM signs the form.', 'GM', '{"all"}', 'hire', 'Complete your Week 1 competency check (Appendix E)', NULL, 'Your supervisor and GM will assess you against Appendix E. Pass to move to Days 8–30.', 7);

INSERT INTO public.onboarding_phases (id, number, title, subtitle, day_range, description, milestones, sort_order) VALUES ('phase-2', 2, '30-Day Integration', 'Days 8–30', 'Days 8–30', 'Independent operation under guidance. Build speed, accuracy, and consistency.', '["Zero food safety violations across all shifts","Plate time ≤ 90 sec (TTDI/PJ/Hartamas) for 5 consecutive sessions","Cash variance within RM5 for 10 consecutive closings","Order accuracy ≥ 95% across 30 days"]'::jsonb, 2);
INSERT INTO public.onboarding_phase_role_copy (phase_id, role, description, milestones) VALUES ('phase-2', 'cook', 'Build kitchen speed and consistency while maintaining food safety every shift.', '["Zero food safety violations across all shifts","Plate time ≤ 90 sec for 5 consecutive sessions","Cook independently during off-peak periods"]'::jsonb);
INSERT INTO public.onboarding_phase_role_copy (phase_id, role, description, milestones) VALUES ('phase-2', 'cashier', 'Build POS accuracy, cash control, and customer service under guidance.', '["Order accuracy ≥ 95% across 30 days","Cash variance within RM5 for 10 consecutive closings","Handle your first real customer complaint using §12.1"]'::jsonb);
INSERT INTO public.onboarding_phase_role_copy (phase_id, role, description, milestones) VALUES ('phase-2', 'supervisor', 'Build floor leadership habits: complaints, checklists, and team standards.', '["Zero food safety violations across all shifts","Handle customer complaints using §12.1 script","First peak shift under supervision completed"]'::jsonb);
INSERT INTO public.onboarding_sections (id, phase_id, title, subtitle, sort_order) VALUES ('days-8-30', 'phase-2', 'Days 8–30 Checklist', '', 0);
INSERT INTO public.onboarding_tasks (id, section_id, title, why_it_matters, how_to, owner, roles, audience, title_hire, why_it_matters_hire, how_to_hire, sort_order) VALUES ('p2-t1', 'days-8-30', 'Cook independently during off-peak — supervisor monitors from distance', NULL, NULL, 'SUP', '{"cook"}', 'hire', 'Cook independently during off-peak (supervisor on standby)', NULL, NULL, 0);
INSERT INTO public.onboarding_tasks (id, section_id, title, why_it_matters, how_to, owner, roles, audience, title_hire, why_it_matters_hire, how_to_hire, sort_order) VALUES ('p2-t2', 'days-8-30', 'Achieve 3 consecutive shifts at or above speed KPI (60–90 sec/plate)', NULL, NULL, 'SUP', '{"cook"}', 'hire', 'Hit your speed KPI (60–90 sec/plate) for 3 consecutive shifts', NULL, NULL, 1);
INSERT INTO public.onboarding_tasks (id, section_id, title, why_it_matters, how_to, owner, roles, audience, title_hire, why_it_matters_hire, how_to_hire, sort_order) VALUES ('p2-t3', 'days-8-30', 'Zero wrong orders in a full service week', 'Order accuracy ≥ 95% is the minimum KPI (SOP §16.2).', NULL, 'SUP', '{"cashier"}', 'hire', 'Complete a full service week with zero wrong orders', 'Order accuracy ≥ 95% is your minimum KPI (SOP §16.2).', NULL, 2);
INSERT INTO public.onboarding_tasks (id, section_id, title, why_it_matters, how_to, owner, roles, audience, title_hire, why_it_matters_hire, how_to_hire, sort_order) VALUES ('p2-t4', 'days-8-30', 'Complete temperature log independently and correctly every shift', NULL, NULL, 'SUP', '{"all"}', 'hire', 'Complete your temperature log independently and correctly every shift', NULL, NULL, 3);
INSERT INTO public.onboarding_tasks (id, section_id, title, why_it_matters, how_to, owner, roles, audience, title_hire, why_it_matters_hire, how_to_hire, sort_order) VALUES ('p2-t5', 'days-8-30', 'Handle first real customer complaint using §12.1 script', NULL, NULL, 'SUP', '{"cashier","supervisor"}', 'hire', 'Handle your first real customer complaint using §12.1', NULL, NULL, 4);
INSERT INTO public.onboarding_tasks (id, section_id, title, why_it_matters, how_to, owner, roles, audience, title_hire, why_it_matters_hire, how_to_hire, sort_order) VALUES ('p2-t6', 'days-8-30', 'Complete solo end-of-day cash reconciliation with variance within RM5', NULL, NULL, 'SUP', '{"cashier"}', 'hire', 'Complete solo end-of-day cash reconciliation within RM5 variance', NULL, NULL, 5);
INSERT INTO public.onboarding_tasks (id, section_id, title, why_it_matters, how_to, owner, roles, audience, title_hire, why_it_matters_hire, how_to_hire, sort_order) VALUES ('p2-t7', 'days-8-30', 'Understand and explain the KPI bonus system verbally (SOP §16.4)', NULL, NULL, 'HIRE', '{"all"}', 'hire', 'Explain the KPI bonus system in your own words (SOP §16.4)', NULL, NULL, 6);
INSERT INTO public.onboarding_tasks (id, section_id, title, why_it_matters, how_to, owner, roles, audience, title_hire, why_it_matters_hire, how_to_hire, sort_order) VALUES ('p2-t8', 'days-8-30', 'Par level check: know when stock is at par and how to reorder', NULL, NULL, 'SUP', '{"all"}', 'hire', 'Complete a par level check and know when to reorder', NULL, NULL, 7);
INSERT INTO public.onboarding_tasks (id, section_id, title, why_it_matters, how_to, owner, roles, audience, title_hire, why_it_matters_hire, how_to_hire, sort_order) VALUES ('p2-t9', 'days-8-30', 'First peak shift under supervision (SOP §13)', NULL, NULL, 'SUP', '{"all"}', 'hire', 'Complete your first peak shift under supervision (SOP §13)', NULL, NULL, 8);
INSERT INTO public.onboarding_tasks (id, section_id, title, why_it_matters, how_to, owner, roles, audience, title_hire, why_it_matters_hire, how_to_hire, sort_order) VALUES ('p2-t10', 'days-8-30', 'Social media policy briefing and acknowledgement sign-off (SOP §18.4)', NULL, NULL, 'GM', '{"all"}', 'hire', 'Review and sign the social media policy acknowledgement (SOP §18.4)', NULL, NULL, 9);
INSERT INTO public.onboarding_tasks (id, section_id, title, why_it_matters, how_to, owner, roles, audience, title_hire, why_it_matters_hire, how_to_hire, sort_order) VALUES ('p2-t11', 'days-8-30', 'Day 15 — Mid-point check-in with supervisor', NULL, NULL, 'SUP', '{"all"}', 'hire', 'Attend your Day 15 mid-point check-in with your supervisor', NULL, NULL, 10);
INSERT INTO public.onboarding_tasks (id, section_id, title, why_it_matters, how_to, owner, roles, audience, title_hire, why_it_matters_hire, how_to_hire, sort_order) VALUES ('p2-t12', 'days-8-30', 'Day 30 — Formal 30-day review with GM', NULL, NULL, 'GM', '{"all"}', 'hire', 'Attend your Day 30 formal review with the GM', NULL, NULL, 11);

INSERT INTO public.onboarding_phases (id, number, title, subtitle, day_range, description, milestones, sort_order) VALUES ('phase-3', 3, '60-Day Consolidation', 'Days 31–60', 'Days 31–60', 'Move from doing the job correctly to owning the job. Peak performance and team contribution.', '["100% temperature log completion Days 31–60","3 service sessions hitting daily plate target (Kitchen)","Zero wrong order escalations Days 31–60","Complete full 86 procedure at least once"]'::jsonb, 3);
INSERT INTO public.onboarding_phase_role_copy (phase_id, role, description, milestones) VALUES ('phase-3', 'cook', 'Own your station during peak service and contribute to kitchen KPIs.', '["100% temperature log completion Days 31–60","3 service sessions hitting daily plate target","Complete full 86 procedure at least once"]'::jsonb);
INSERT INTO public.onboarding_phase_role_copy (phase_id, role, description, milestones) VALUES ('phase-3', 'cashier', 'Own front-of-house accuracy during peak and contribute to order quality KPIs.', '["Zero wrong order escalations Days 31–60","100% temperature log completion Days 31–60","First unsupervised peak period completed"]'::jsonb);
INSERT INTO public.onboarding_phase_role_copy (phase_id, role, description, milestones) VALUES ('phase-3', 'supervisor', 'Step into leadership moments: briefings, buddy support, and outlet standards.', '["Lead opening checklist as most senior staff at least once","Assist in one staff onboarding activity (buddy role)","Complete full 86 procedure simulation"]'::jsonb);
INSERT INTO public.onboarding_sections (id, phase_id, title, subtitle, sort_order) VALUES ('days-31-60', 'phase-3', 'Days 31–60 Checklist', '', 0);
INSERT INTO public.onboarding_tasks (id, section_id, title, why_it_matters, how_to, owner, roles, audience, title_hire, why_it_matters_hire, how_to_hire, sort_order) VALUES ('p3-t1', 'days-31-60', 'First unsupervised peak period (supervisor on standby, not on floor)', NULL, NULL, 'SUP', '{"all"}', 'hire', 'Complete your first unsupervised peak period (supervisor on standby)', NULL, NULL, 0);
INSERT INTO public.onboarding_tasks (id, section_id, title, why_it_matters, how_to, owner, roles, audience, title_hire, why_it_matters_hire, how_to_hire, sort_order) VALUES ('p3-t2', 'days-31-60', 'Achieve KPI bonus Level 2 (Good Performance) for at least one week', NULL, NULL, 'SUP', '{"all"}', 'hire', 'Achieve KPI bonus Level 2 for at least one week', NULL, NULL, 1);
INSERT INTO public.onboarding_tasks (id, section_id, title, why_it_matters, how_to, owner, roles, audience, title_hire, why_it_matters_hire, how_to_hire, sort_order) VALUES ('p3-t3', 'days-31-60', 'Lead the opening checklist as most senior staff present at least once', NULL, NULL, 'SUP', '{"all"}', 'hire', 'Lead the opening checklist as most senior staff at least once', NULL, NULL, 2);
INSERT INTO public.onboarding_tasks (id, section_id, title, why_it_matters, how_to, owner, roles, audience, title_hire, why_it_matters_hire, how_to_hire, sort_order) VALUES ('p3-t4', 'days-31-60', 'Demonstrate equipment fault reporting (SOP §14.2)', NULL, NULL, 'SUP', '{"all"}', 'hire', 'Report an equipment fault correctly (SOP §14.2)', NULL, NULL, 3);
INSERT INTO public.onboarding_tasks (id, section_id, title, why_it_matters, how_to, owner, roles, audience, title_hire, why_it_matters_hire, how_to_hire, sort_order) VALUES ('p3-t5', 'days-31-60', 'Contribute to at least one reorder to Quackmaster', NULL, NULL, 'SUP', '{"all"}', 'hire', 'Contribute to at least one Quackmaster reorder', NULL, NULL, 4);
INSERT INTO public.onboarding_tasks (id, section_id, title, why_it_matters, how_to, owner, roles, audience, title_hire, why_it_matters_hire, how_to_hire, sort_order) VALUES ('p3-t6', 'days-31-60', 'Shadow or assist in one staff onboarding activity (buddy role)', NULL, NULL, 'SUP', '{"all"}', 'hire', 'Assist in one staff onboarding activity as a buddy', NULL, NULL, 5);
INSERT INTO public.onboarding_tasks (id, section_id, title, why_it_matters, how_to, owner, roles, audience, title_hire, why_it_matters_hire, how_to_hire, sort_order) VALUES ('p3-t7', 'days-31-60', 'Complete full 86 procedure simulation (SOP §15.2)', NULL, NULL, 'SUP', '{"all"}', 'hire', 'Complete the full 86 procedure simulation (SOP §15.2)', NULL, NULL, 6);
INSERT INTO public.onboarding_tasks (id, section_id, title, why_it_matters, how_to, owner, roles, audience, title_hire, why_it_matters_hire, how_to_hire, sort_order) VALUES ('p3-t8', 'days-31-60', 'Review and acknowledge social media policy in writing (if not done Day 30)', NULL, NULL, 'GM', '{"all"}', 'hire', 'Complete your written social media policy acknowledgement (if not done at Day 30)', NULL, NULL, 7);
INSERT INTO public.onboarding_tasks (id, section_id, title, why_it_matters, how_to, owner, roles, audience, title_hire, why_it_matters_hire, how_to_hire, sort_order) VALUES ('p3-t9', 'days-31-60', 'Day 45 — Mid-point check-in with Supervisor (15 min)', NULL, NULL, 'SUP', '{"all"}', 'hire', 'Attend your Day 45 mid-point check-in with your supervisor', NULL, NULL, 8);
INSERT INTO public.onboarding_tasks (id, section_id, title, why_it_matters, how_to, owner, roles, audience, title_hire, why_it_matters_hire, how_to_hire, sort_order) VALUES ('p3-t10', 'days-31-60', 'Day 60 — Formal 60-day review with GM', NULL, NULL, 'GM', '{"all"}', 'hire', 'Attend your Day 60 formal review with the GM', NULL, NULL, 9);

INSERT INTO public.onboarding_phases (id, number, title, subtitle, day_range, description, milestones, sort_order) VALUES ('phase-4', 4, '90-Day Performance Review', 'Days 61–90', 'Days 61–90', 'Full integration, contribution, and evaluation. Day 90 is the beginning of employment.', '["100% shift attendance Days 61–90","Personal plate speed KPI every service shift","Zero cash variance above RM5 (30 closings)","Outlet KPI L2 for minimum 3 weeks"]'::jsonb, 4);
INSERT INTO public.onboarding_phase_role_copy (phase_id, role, description, milestones) VALUES ('phase-4', 'cook', 'Prove full kitchen independence and hit your personal speed KPIs through Day 90.', '["100% shift attendance Days 61–90","Personal plate speed KPI every service shift","Demonstrate FIFO, SS bowl, and 86 without prompting"]'::jsonb);
INSERT INTO public.onboarding_phase_role_copy (phase_id, role, description, milestones) VALUES ('phase-4', 'cashier', 'Prove full FOH independence and cash accuracy through Day 90.', '["100% shift attendance Days 61–90","Zero cash variance above RM5 (30 closings)","Complete Day 90 self-assessment before formal review"]'::jsonb);
INSERT INTO public.onboarding_phase_role_copy (phase_id, role, description, milestones) VALUES ('phase-4', 'supervisor', 'Prove leadership readiness including shift briefings and team contribution.', '["Lead a full shift briefing at least once","Contribute to outlet KPI L2 for at least 3 weeks","Complete Day 90 self-assessment before formal review"]'::jsonb);
INSERT INTO public.onboarding_sections (id, phase_id, title, subtitle, sort_order) VALUES ('days-61-90', 'phase-4', 'Days 61–90 Checklist', '', 0);
INSERT INTO public.onboarding_tasks (id, section_id, title, why_it_matters, how_to, owner, roles, audience, title_hire, why_it_matters_hire, how_to_hire, sort_order) VALUES ('p4-t1', 'days-61-90', 'Operate as fully independent team member for entire 30-day period', NULL, NULL, 'SUP', '{"all"}', 'hire', 'Operate as a fully independent team member for the full 30-day period', NULL, NULL, 0);
INSERT INTO public.onboarding_tasks (id, section_id, title, why_it_matters, how_to, owner, roles, audience, title_hire, why_it_matters_hire, how_to_hire, sort_order) VALUES ('p4-t2', 'days-61-90', 'Contribute to outlet reaching KPI L2 for at least 3 full weeks', NULL, NULL, 'ALL', '{"all"}', 'hire', 'Contribute to your outlet reaching KPI L2 for at least 3 full weeks', NULL, NULL, 1);
INSERT INTO public.onboarding_tasks (id, section_id, title, why_it_matters, how_to, owner, roles, audience, title_hire, why_it_matters_hire, how_to_hire, sort_order) VALUES ('p4-t3', 'days-61-90', 'Complete at least one inventory count and par level reconciliation', NULL, NULL, 'HIRE', '{"all"}', 'hire', 'Complete at least one inventory count and par level reconciliation', NULL, NULL, 2);
INSERT INTO public.onboarding_tasks (id, section_id, title, why_it_matters, how_to, owner, roles, audience, title_hire, why_it_matters_hire, how_to_hire, sort_order) VALUES ('p4-t4', 'days-61-90', 'Demonstrate 3 unprompted SOP-correct behaviours (FIFO, SS bowl, 86)', NULL, NULL, 'SUP', '{"all"}', 'hire', 'Demonstrate 3 unprompted SOP-correct behaviours (FIFO, SS bowl, 86)', NULL, NULL, 3);
INSERT INTO public.onboarding_tasks (id, section_id, title, why_it_matters, how_to, owner, roles, audience, title_hire, why_it_matters_hire, how_to_hire, sort_order) VALUES ('p4-t5', 'days-61-90', 'If Supervisor track: lead a full shift briefing at least once', NULL, NULL, 'SUP', '{"supervisor"}', 'hire', 'Lead a full shift briefing at least once', NULL, NULL, 4);
INSERT INTO public.onboarding_tasks (id, section_id, title, why_it_matters, how_to, owner, roles, audience, title_hire, why_it_matters_hire, how_to_hire, sort_order) VALUES ('p4-t6', 'days-61-90', 'Complete Day 90 self-assessment before formal review', NULL, NULL, 'HIRE', '{"all"}', 'hire', 'Complete your Day 90 self-assessment before formal review', NULL, NULL, 5);
INSERT INTO public.onboarding_tasks (id, section_id, title, why_it_matters, how_to, owner, roles, audience, title_hire, why_it_matters_hire, how_to_hire, sort_order) VALUES ('p4-t7', 'days-61-90', 'Day 90 — Formal review with GM and EXCO observation', NULL, NULL, 'GM', '{"all"}', 'hire', 'Attend your Day 90 formal review with the GM and EXCO', NULL, NULL, 6);
INSERT INTO public.onboarding_tasks (id, section_id, title, why_it_matters, how_to, owner, roles, audience, title_hire, why_it_matters_hire, how_to_hire, sort_order) VALUES ('p4-t8', 'days-61-90', 'Confirm employment in writing — contract renewal or permanent appointment', NULL, NULL, 'EXCO', '{"all"}', 'internal', NULL, NULL, NULL, 7);
INSERT INTO public.onboarding_tasks (id, section_id, title, why_it_matters, how_to, owner, roles, audience, title_hire, why_it_matters_hire, how_to_hire, sort_order) VALUES ('p4-t9', 'days-61-90', 'Discuss compensation review if applicable (SOP §18.1 quarterly cycle)', NULL, NULL, 'EXCO', '{"all"}', 'internal', NULL, NULL, NULL, 8);

INSERT INTO public.onboarding_resources (id, title, description, category, reference, url, owner, roles, sort_order) VALUES ('doc-a', 'Universal Cooking Sequence', 'Step-by-step cooking order for every plate.', 'document', 'QT-SOP-OPS-002 v3.0 — Appendix A', 'https://quackteow.com/sop/appendix-a-cooking-sequence', NULL, '{"cook","supervisor"}', 0);
INSERT INTO public.onboarding_resources (id, title, description, category, reference, url, owner, roles, sort_order) VALUES ('doc-b', 'Portion Reference Card', 'Exact portions for all 10 ingredients (§3.1).', 'document', 'QT-SOP-OPS-002 v3.0 — Appendix B', 'https://quackteow.com/sop/appendix-b-portion-card', NULL, '{"cook","supervisor"}', 1);
INSERT INTO public.onboarding_resources (id, title, description, category, reference, url, owner, roles, sort_order) VALUES ('doc-c', 'Temperature Log', 'HACCP temperature recording template.', 'document', 'QT-SOP-OPS-002 v3.0 — Appendix C', 'https://quackteow.com/sop/appendix-c-temperature-log', NULL, '{"all"}', 2);
INSERT INTO public.onboarding_resources (id, title, description, category, reference, url, owner, roles, sort_order) VALUES ('doc-d', 'Customer Incident Report', 'Form for logging customer complaints and incidents.', 'document', 'QT-SOP-OPS-002 v3.0 — Appendix D', 'https://quackteow.com/sop/appendix-d-incident-report', NULL, '{"cashier","supervisor"}', 3);
INSERT INTO public.onboarding_resources (id, title, description, category, reference, url, owner, roles, sort_order) VALUES ('doc-e', 'Training Sign-Off Form', 'Week 1 competency assessment checklist.', 'training', 'QT-SOP-OPS-002 v3.0 — Appendix E', 'https://quackteow.com/sop/appendix-e-training-signoff', NULL, '{"all"}', 4);
INSERT INTO public.onboarding_resources (id, title, description, category, reference, url, owner, roles, sort_order) VALUES ('doc-sop', 'Operations SOP (Full Document)', 'Master standard operating procedures for all outlets.', 'document', 'QT-SOP-OPS-002 v3.0', 'https://quackteow.com/sop/qt-sop-ops-002', NULL, '{"all"}', 5);
INSERT INTO public.onboarding_resources (id, title, description, category, reference, url, owner, roles, sort_order) VALUES ('policy-social', 'Social Media Policy', 'Required acknowledgement by Day 30.', 'policy', 'QT-SOP-OPS-002 v3.0 — Section 18.4', 'https://quackteow.com/sop/section-18-4-social-media', NULL, '{"all"}', 6);
INSERT INTO public.onboarding_resources (id, title, description, category, reference, url, owner, roles, sort_order) VALUES ('policy-food-safety', 'Food Safety & HACCP (Section 4)', 'Temperature logs, FIFO, SS bowl rule, and breach response.', 'policy', 'QT-SOP-OPS-002 v3.0 — Section 4', 'https://quackteow.com/sop/section-4-food-safety', NULL, '{"all"}', 7);
INSERT INTO public.onboarding_resources (id, title, description, category, reference, url, owner, roles, sort_order) VALUES ('policy-complaints', 'Customer Complaint Response (§12.1)', '5-step script for handling unhappy customers.', 'training', 'QT-SOP-OPS-002 v3.0 — Section 12.1', 'https://quackteow.com/sop/section-12-1-complaints', NULL, '{"cashier","supervisor"}', 8);
INSERT INTO public.onboarding_resources (id, title, description, category, reference, url, owner, roles, sort_order) VALUES ('policy-kpi', 'KPI & Bonus System (§16.4)', 'Performance targets and bonus Level 2 criteria.', 'training', 'QT-SOP-OPS-002 v3.0 — Section 16.4', 'https://quackteow.com/sop/section-16-4-kpi-bonus', NULL, '{"all"}', 9);

INSERT INTO public.onboarding_contacts (id, name, role, owner_code, responsibility, contact_hint, sort_order) VALUES ('contact-exco', 'Executive Committee', 'EXCO', 'EXCO', 'Final approval, policy, compensation decisions, welcome message', 'Via GM / PA for scheduling', 0);
INSERT INTO public.onboarding_contacts (id, name, role, owner_code, responsibility, contact_hint, sort_order) VALUES ('contact-gm', 'General Manager (PA)', 'GM', 'GM', 'Onboarding coordination, competency sign-off, formal reviews', 'Outlet WhatsApp group — tag @GM', 1);
INSERT INTO public.onboarding_contacts (id, name, role, owner_code, responsibility, contact_hint, sort_order) VALUES ('contact-sup', 'Outlet Supervisor', 'SUP', 'SUP', 'Daily training, checklist supervision, real-time coaching', 'On-floor during your shift', 2);
INSERT INTO public.onboarding_contacts (id, name, role, owner_code, responsibility, contact_hint, sort_order) VALUES ('contact-buddy', 'Assigned Buddy', 'Peer support', 'HIRE', 'Day-to-day questions, cultural integration, first-week support', 'See your buddy assignment on Day 1', 3);

INSERT INTO public.onboarding_feedback_schedule (id, day_label, day_number, method, owner, sort_order) VALUES ('fb-1', 'Day 1', 1, 'Verbal check-in (5 min)', 'SUP', 0);
INSERT INTO public.onboarding_feedback_schedule (id, day_label, day_number, method, owner, sort_order) VALUES ('fb-3', 'Day 3', 3, 'Buddy debrief (10 min)', 'SUP', 1);
INSERT INTO public.onboarding_feedback_schedule (id, day_label, day_number, method, owner, sort_order) VALUES ('fb-7', 'Day 7', 7, 'Competency sign-off (Appendix E)', 'GM', 2);
INSERT INTO public.onboarding_feedback_schedule (id, day_label, day_number, method, owner, sort_order) VALUES ('fb-15', 'Day 15', 15, 'Mid-point check-in (15 min)', 'SUP', 3);
INSERT INTO public.onboarding_feedback_schedule (id, day_label, day_number, method, owner, sort_order) VALUES ('fb-30', 'Day 30', 30, 'Formal review + hire survey', 'GM', 4);
INSERT INTO public.onboarding_feedback_schedule (id, day_label, day_number, method, owner, sort_order) VALUES ('fb-45', 'Day 45', 45, 'Informal pulse check (10 min)', 'SUP', 5);
INSERT INTO public.onboarding_feedback_schedule (id, day_label, day_number, method, owner, sort_order) VALUES ('fb-60', 'Day 60', 60, 'Formal review + hire survey', 'GM', 6);
INSERT INTO public.onboarding_feedback_schedule (id, day_label, day_number, method, owner, sort_order) VALUES ('fb-90', 'Day 90', 90, 'Formal review + self-assessment', 'GM + EXCO', 7);
